
{
    "timeline":
    {
        "headline":" Мое Портфолио!",
        "type":"default",
		"startDate":"2013,09",
		"text":"<i><span class='c1'> WEB-den </span> <span class='c2'>Front-END  Developer</span></i>",
		"asset":
        {
            "media":"assets/img/notes.png",
            "credit":"",
            "caption":""
        },
        "date": [
            {
                "startDate":"2013,10",
                "headline":"Мои первые эксперименты в верстке",
                "text":"Exotic Travel Природа во всей красе на этой верстке.",
                "asset":
                {
                    "media":"assets/img/first_page.JPG",
                    "credit":"<a href='portfolio/Exotic_travel/index.html'>Автор верстки WEB-den</a>",
                    "caption":""
                }
            },
            {
                "startDate":"2013,12",
                "headline":"Interior design",
                "text":"",
                "asset":
                {
                    "media":"assets/img/shots/sidebar_s3.jpg",
                    "credit":"<a href='portfolio/Interior_design/index.html'>Автор верстки WEB-den</a>",
                    "caption":""
                }
            },
            {
                "startDate":"2014,2",
                "headline":"Южный тур",
                "text":"",
                "asset":
                {
                    "media":"assets/img/shots/summer_tur.jpg",
                    "credit":"<a href='portfolio/summer_tur/index.html'>Автор верстки WEB-den</a>",
                    "caption":""
                }
            },
            {
                "startDate":"2014,4",
                "headline":"Развитые социальные сети",
                "text":"",
                "asset":
                {
                    "media":"assets/img/shots/shot_1298590416.jpg",
                    "credit":"<a href='portfolio/soc_seti/index.html'>Автор верстки WEB-den</a>",
                    "caption":""
                }
            },
            {
                "startDate":"2014,6",
                "headline":"Allegro верстка сайта автомобильных запчастей",
                "text":"",
                "asset":
                {
                    "media":"assets/img/shots/pet___you.jpg",
                    "credit":"<a href='portfolio/Alegro/index.html'>Автор верстки WEB-den</a>",
                    "caption":""
                }
            },
            {
                "startDate":"2014,8",
                "headline":"NataBench организация свадеб",
                "text":"Очень красивый LandingPage",
                "asset":
                {
                    "media":"assets/img/shots/proto_v4_decoupe_2.jpg",
                    "credit":"<a href='portfolio/Nata_bench/index.html'>Автор верстки WEB-den</a>",
                    "caption":""
                }
            },
            {
                "startDate":"2014,9",
                "headline":"Иллюстрация для крупного клиента Ваш новый дом.",
                "text":"",
                "asset":
                {
                    "media":"assets/img/shots/chameleon.jpg",
                    "credit":"<a href='portfolio/new_house/glavnaya .html'>Автор верстки WEB-den</a>",
                    "caption":""
                }
            },
            {
                "startDate":"2014,10",
                "headline":"Сайт фирмы по дизайну и ремонту",
                "text":"Создание адаптивного и валидного одностраничного сайта с анимацией.",
                "asset":
                {
                    "media":"assets/img/shots/disainer.JPG",
                    "credit":"<a href='portfolio/iilivo/index.html'>Автор верстки WEB-den</a>",
                    "caption":""
                }
            }
        ]
    }
}